2008-12-18, A teen shooting expands a school community s borders
2008-11-24, Caught in the refugee cycle for life
2008-10-23, No Child leaving charter school behind
2008-10-22, Spirit of a charter school confronts letter of the law
2008-09-15, The language of ICS
2008-09-04, Potluck in 40 languages
2008-08-28, A talk with the ICS co founders
2008-08-11, An Atlanta school makes a community from a world of difference
2008-08-07, A 9 year old finds refuge in suburban Atlanta
2008-08-05, Meet Bill Clinton Hadam and his family
2008-08-05, A school year in the life of a new American
2008-12-31, Hear about Bill Clinton Hadam on NPR
2008-12-29, All American bed jumpers
2008-12-26, Christmas lockup
2008-12-22, From refugee camp to head of an American household
2008-12-18, Elders of a new village
2008-12-17, How Ms. Tahisha overcame racial prejudice
2008-12-16, What Arne Duncan means to charter schools
2008-12-12, You asked and we answered
2008-12-10, You asked and Bill Clinton Hadam answered
2008-12-08, Can Africans who spank raise American kids
2008-12-03, Principal addresses shooting in letter to parents
2008-12-02, Warm and fed for the holidays
2008-11-26, Kid s eye view of refugee camp kinda stinky
2008-11-25, Bill Clinton Hadam discovers Australia
2008-11-24, Waiting for Neema
2008-11-20, Their playground is the world2
2008-11-20, Their playground is the world
2008-11-17, Safe from Congo violence refugees still feel it at home in Atlanta
2008-11-13, Baby steps for fifth graders giant ones for ICS
2008-11-12, A diversity of goodwill
2008-11-06, Dawami has her day in court
2008-11-04, Igey tries to be more American
2008-11-03, Lessons from Bill s first Halloween
2008-10-28, Bill and Igey prove excellent bedtime stallers
2008-10-27, Dawami gets a job Bill becomes a latchkey kid
2008-10-23, Turns out English is really Bill s third language
2008-10-22, Charter school s no cookie cutter fit
2008-10-15, Getting to purple
2008-10-08, Something a little sad
2008-10-06, Bearing with the kids
2008-10-01, It s a girl
2008-09-29, Boys outpolled by girls promising bathroom overhaul
2008-09-25, Sisterhood of the traveling scarf
2008-09-24, No culture of victimhood
2008-09-23, Heritage Fridays
2008-09-23, Miss Sherry s heritage day
2008-09-22, Getting to we
2008-09-19, Food for the taught
2008-09-18, OK Mahree! Long time!
2008-09-17, Check out the new language video
2008-09-16, Musing on the scrutinized and the scrutinizers
2008-09-15, The power of the Ditmann dollar
2008-09-11, The best part of Ramadan
2008-09-10, The sound of ICS
2008-09-09, A learning trick
2008-09-05, They didn t beat me yet!
2008-09-03, Igey loses his marbles
2008-09-02, A thread from the refugee camp
2008-08-27, The wedding bouquet
2008-08-25, Searching for God
2008-08-21, Back to school night
2008-08-17, Glance in the mirror
2008-08-12, Finally back to school
2008-08-11, The night before
2008-08-09, Meeting the new teachers
2008-08-06, An ICS welcome
2008-08-05, You
2008-08-04, The art of translation
2008-08-03, The other Bill Clinton
2008-08-01, A ham is born
2008-11-21, Sci-fi fans go into warp drive over an independent Star Trek film											
2008-12-26, Film buffs ask: Know your noir?											
2008-12-26, Ten best films: Biopics and classroom acts score high											
2008-11-24, Giver s guide The 50 largest charities
2008-12-31, pasadena welcomes the new year with millions of flowers
2008-12-31, the micro enterprise that is chip repair
2008-12-31, The language of chicken soup											
2008-12-31, Ring in the new year with fondue											
2008-12-31, A cook's favorite, sturdy tool											
2008-12-31, Unexpected twists make 2008 an epochal year											
2008-12-31, Gazan civilians increasingly at risk in assault on Hamas											
2008-12-31, what exactly is the toxic sludge that spilled in tennessee
2008-12-31, 2008 s most intriguing fun and brave technologies
2008-12-31, geothermal heating in action
2008-12-31, how underground hot rocks could power america s future
2008-12-31, yellowrocket
2008-12-31, Treasury keeps car loans flowing with $6 billion rescue of GMAC											
2008-12-31, Ukraine will pay its $2 billion Russian gas bill											
2008-12-31, Wrestling: a fight for an honest living in corrupt times											
2008-12-31, Corruption in Bulgaria tests EU expansion											
2008-12-31, Reporters on the Job											
2008-12-31, Will a new generation bring fresh justice to Bulgaria?											
2008-12-31, With EU help, Bulgarians return to roots											
2008-12-31, World											
2008-12-31, will obama deimperialize the presidency
2008-12-31, with no one in charge illinois grinds to halt
2008-12-31, Chihuahua City now a model for cleaning up Mexico's police											
2008-12-31, Hasina (and democracy) return to Bangladesh											
2008-12-31, Pakistan's journalists: in the line of fire											
2008-12-31, Israel, Hamas, and moral idiocy											
2008-12-31, Letters to the Editor											
2008-12-31, Time to build trust on immigration											
2008-12-31, jungle diary part 3 the art of sleeping in a treehouse
2008-12-31, tennessee spill revives coal ash controversy
2008-12-31, Prayer to end fear in Gaza											
2008-12-30, help the smithsonian solve a garden mystery
2008-12-30, one man s quest to improve the lot of fishermen and fish
2008-12-30, To read or not to read, that is the question.											
2008-12-30, What makes them brothers?											
2008-12-30, For kids: School of rock 'n' roll											
2008-12-30, With fewer jobs, fewer illegal immigrants											
2008-12-30, Israeli strikes in Gaza risk political win for Hamas											
2008-12-30, At overcrowded Florida prisons, some inmates may just camp out											
2008-12-30, how hot was 2008
2008-12-30, columbias lessons for future rocketeers
2008-12-30, thames the biography
2008-12-30, holding on to 2008 for just one second more
2008-12-30, the old way a story of the first people
2008-12-30, the secret literary life of george w bush
2008-12-30, movie style ratings for websites panned
2008-12-30, Letters to the Editor											
2008-12-30, Bailout may cost trillions ... or not											
2008-12-30, World											
2008-12-30, Why Al Qaeda isn't gaining a foothold in Cambodia											
2008-12-30, Reporters on the Job											
2008-12-30, Eight die in Pakistan offensive against militants in the Khyber Pass											
2008-12-30, race reemerges as issue for gop
2008-12-30, defiant blagojevich announces replacement for obamas senate seat
2008-12-30, China projects naval power in pirate fight											
2008-12-30, Setbacks in Mexico's war on corruption											
2008-12-30, Needed in Gaza: US inspectors, peacekeepers, and aid workers											
2008-12-30, Don't let Nicaragua's Ortega become a Mugabe											
2008-12-30, Lottery's lure lost											
2008-12-30, earthtalk is push for healthy oil destroying rain forests
2008-12-30, Be stress free											
2008-12-29, a wikipedia for plants
2008-12-29, It's shelter but not a home											
2008-12-29, The rotary, a bottomless pit of human foibles											
2008-12-29, Gaza: Why Israel and Hamas are trading rocket fire											
2008-12-29, Wanted: More science and math teachers in the US											
2008-12-29, Some US Hispanics trace their Jewish past											
2008-12-29, can we run our cars on human fat
2008-12-29, montana s got wind needs power lines
2008-12-29, backyard reactors firms shrink the nukes
2008-12-29, the northern clemency
2008-12-29, this new years eve every second counts
2008-12-29, people of the book
2008-12-29, free books for the asking digital ones that is
2008-12-29, Letters to the Editor											
2008-12-29, Job skill for the times: coping with a layoff											
2008-12-29, US economy's gloom expected to begin lifting by late '09											
2008-12-29, Financial moves for 2009: It's just child's play.											
2008-12-29, How to hold money managers accountable											
2008-12-29, Financial Q&A: gold-coin sales tactics and taxes											
2008-12-29, Irish pork recovering slowly after feed scare											
2008-12-29, Malta: Africans' way station to the EU											
2008-12-29, World											
2008-12-29, Reporters on the Job											
2008-12-29, Shoes flung at Bush flying from shelves											
2008-12-29, Amid growing international pressure, Somalia's president resigns											
2008-12-29, Tensions rise as Pakistan moves troops											
2008-12-29, Does community service really change anything?											
2008-12-29, Beyond bombs and rockets in Gaza											
2008-12-29, Caller ID											
2008-12-28, whats the answer to protecting plants while melting snow
2008-12-28, an evening of long goodbyes
2008-12-28, sad ending to a memoir
2008-12-27, the hunger games 2
2008-12-27, art as a way of life
2008-12-27, teens and dystopia
2008-12-26, feel the heat
2008-12-26, Review: 'Revolutionary Road'											
2008-12-26, holiday greetings from my refrigerator
2008-12-26, a sampling of new year s resolutions
2008-12-26, CD review: Cadillac Records (Music from the motion picture)											
2008-12-26, Over the hedge											
2008-12-26, The words we need for the state we're in											
2008-12-26, A surprising path to inner peace											
2008-12-26, Calm brings record tourism to Bethlehem											
2008-12-26, NATO commanders in Afghanistan wary of antidrug effort											
2008-12-26, french style floral flair
2008-12-26, the elfish gene
2008-12-26, a walk in the woods
2008-12-26, the brave new book world
2008-12-26, horizon highlights farewell 2008 edition
2008-12-26, Letters to the Editor											
2008-12-26, Economic bright spot: energy prices											
2008-12-26, World											
2008-12-26, An underground fortress of silence is breached											
2008-12-26, Canadians pull together under a blanket of snow											
2008-12-26, Reporters on the Job											
2008-12-26, Report: Israel set to launch ‘limited operation’ in Gaza											
2008-12-26, Young Kashmiris step away from militancy											
2008-12-26, Promoting peace in Afghanistan – with a lighter touch											
2008-12-26, Save the economy: bail out our kids											
2008-12-26, Confidence amid uncertainty											
2008-12-25, promised land
2008-12-25, halsey s typhoon
2008-12-25, books for kids get more complex this christmas
2008-12-24, the artist who created the white house christmas card
2008-12-24, A sweet, Spanish Christmas											
2008-12-24, Maine lobster for Christmas											
2008-12-24, Underneath the pierced eyebrows and tattoos											
2008-12-24, Major foreign policy test awaits Obama in Somalia											
2008-12-24, In South Lebanon, UN peacekeepers hunt for goodwill											
2008-12-24, Why fewer murder cases get solved											
2008-12-24, Websites connect donors to specific needs											
2008-12-24, happy 40th earthrise
2008-12-24, seattles salt free snow response raises hackles
2008-12-24, the lost art of walking
2008-12-24, there is no me without you
2008-12-24, another memoir set to implode
2008-12-24, without jobs what from apple at macworld
2008-12-24, Letters to the Editor											
2008-12-24, Housing: More help may be needed											
2008-12-24, Reporters on the Job											
2008-12-24, World											
2008-12-24, Law targets unruly beggars in Ireland											
2008-12-24, obama slights the south in picking his team
2008-12-24, will obama s plans help the middle class
2008-12-24, India's media blasted for sensational Mumbai coverage											
2008-12-24, Afghan voter registration marred											
2008-12-24, China extends a friendly bear paw across Taiwan Strait											
2008-12-24, Cheap hotels await China's new sightseers, budget travelers											
2008-12-24, Want green jobs? Watch California.											
2008-12-24, How we're tying up terrorists' cash											
2008-12-24, To hear the angels sing											
2008-12-24, cities may sprout vertical farms
2008-12-24, jungle diary part 2 who knew there were so many kinds of mosquito in papua
2008-12-24, earthtalk can we do without telephone books
2008-12-24, Make a little room for Christmas											
2008-12-23, bees protect plants as well as pollinate them
2008-12-23, Dreaming of the proverbial white Christmas											
2008-12-23, For kids: A perfect fit for a shoemaker											
2008-12-23, Military coup follows death of Guinea's president											
2008-12-23, A surge of Special Forces for Afghanistan likely											
2008-12-23, Bush pushes Persian Gulf nuclear agreement											
2008-12-23, epa 1 in 3 americans breathing sooty air
2008-12-23, The best Christmas ever? Often it was pared down.											
2008-12-23, the man who invented christmas
2008-12-23, books as great last minute gift ideas
2008-12-23, iphone looks more and more like a kindle competitor
2008-12-23, the worldwide jam session
2008-12-23, tokyo tests power generating floor
2008-12-23, Letters to the Editor											
2008-12-23, Reporters on the Job											
2008-12-23, World											
2008-12-23, Grievances rise among young Europeans											
2008-12-23, meet lula mae walker who s been a foster parent to 300 kids
2008-12-23, nothing inappropriate in obama blagojevich contacts report finds
2008-12-23, can america spend its way to economic recovery
2008-12-23, Recession, drug war foils Mexican migrants' holiday pilgrimage											
2008-12-23, Living through 'It's a Wonderful Life'											
2008-12-23, Corruption's cost, beyond Blagojevich											
2008-12-23, Obama's fusion cabinet											
2008-12-23, in china overambition reins in eco city plans
2008-12-23, 'The Prince of Peace'											
2008-12-22, garden reference books and miniature orchids
2008-12-22, Homemade for the holidays											
2008-12-22, The climate was different but the spirit was the same											
2008-12-22, Playing Clementi on Christmas Eve											
2008-12-22, At Iraqi border outpost, signs of improving ties with Iran											
2008-12-22, As hunger rises in US, so do creative ways to help											
2008-12-22, happy holidays
2008-12-22, an open source engine
2008-12-22, obamas labor pick a green jobs advocate
2008-12-22, your message here ads come to the math quiz
2008-12-22, a gift of aloha
2008-12-22, from colony to superpower us foreign relations since 1776
2008-12-22, for the mega rich a refrigerated beach
2008-12-22, horses they rode
2008-12-22, got 3 minutes experience twilight
2008-12-22, review online maps can jog better running routes
2008-12-22, Letters to the Editor											
2008-12-22, Company celebrations more muted this year											
2008-12-22, Consumers: What's on your yuletide agenda?											
2008-12-22, Accounting sleuths on the trail of Madoff money											
2008-12-22, Will Obama's war strategy produce a peace dividend?											
2008-12-22, Now in vogue: saving											
2008-12-22, 'Tis the season for families to talk about finances											
2008-12-22, For Italians, past domestic terror still a taboo topic											
2008-12-22, Reporters on the Job											
2008-12-22, Germany debates release of Red Army terrorist											
2008-12-22, World											
2008-12-22, Suspected US drone attack in Pakistan kills at least seven Taliban											
2008-12-22, obama weighs a supersized stimulus plan
2008-12-22, Insecurity drives farm purchases abroad											
2008-12-22, Why give now?											
2008-12-22, Does the bailout spree signal the end of democracy?											
2008-12-22, howls of protest greet mexican wolf reintroduction
2008-12-22, Connected in true community											
2008-12-21, the forecast is for flowers
2008-12-21, obama science and a new team in washington
2008-12-21, watch out for plants on windowsills
2008-12-21, mr timothy
2008-12-21, two old women
2008-12-21, obama s science appointees called a team of all stars
2008-12-21, hollywood rolls out the green carpet
2008-12-20, garden siteseeing around the world 2
2008-12-20, Review: 'The Wrestler'											
2008-12-20, Review: 'Nothing But the Truth'											
2008-12-20, Review: 'What Doesn't Kill You'											
2008-12-20, obama radio address technology key to planets survival
2008-12-20, biden talks to the media worried about economy tanking
2008-12-20, the hour i first believed
2008-12-20, team of rivals
2008-12-20, obama chooses his poet
2008-12-19, my experience playing teacher for one year
2008-12-19, In China, a taste of Broadway's 'Fame'											
2008-12-19, Yeah, but what would you call the place if you'd grown up there?											
2008-12-19, A priceless gift at the hockey rink											
2008-12-19, The true meaning of forgiveness?											
2008-12-19, Israelis, Gazans brace for cease-fire's end											
2008-12-19, Six Picks: Recommendations from the Monitor staff											
2008-12-19, horizon highlights twas the week before christmas edition
2008-12-19, waking giant america in the years of jackson
2008-12-19, all those best book of the year lists
2008-12-19, the rush to write a madoff book
2008-12-19, Letters to the Editor											
2008-12-19, Big Three's future still in balance											
2008-12-19, World											
2008-12-19, Reporters on the Job											
2008-12-19, Shoe-tossing journalist was abused, Iraqi judge says											
2008-12-19, bristol palins future mother in law arrested on drug charges
2008-12-19, New target for Mexico's drug cartels: schools											
2008-12-19, Afghanistan: Soviet failures echo for US											
2008-12-19, Good morning, Liberian media											
2008-12-19, UN court convicts architect of Rwandan atrocities											
2008-12-19, Mugabe claims power-sharing partners trying to oust him											
2008-12-19, To save Zimbabwe, South Africa must step up											
2008-12-19, Obama's can-do education pick											
2008-12-19, viability is key to the white house bailout of the auto industry
2008-12-19, December joys											
2008-12-18, pssst wanna bid for a space shuttle
2008-12-18, Abductions of Zimbabwe activists could ruin talks											
2008-12-18, OPEC announces historic cuts to buoy oil prices											
2008-12-18, New light on Dark energy in cosmos											
2008-12-18, Pursuit of Somali pirates to get hotter											
2008-12-18, For Obama, split looms over education reform											
2008-12-18, rick warren to deliver obama invocation gay community furious
2008-12-18, aretha franklin to perform at obama inauguration
2008-12-19, From our files: Sammy Baugh: In Passing											
2008-12-18, the mighty macho agave
2008-12-18, youtube cyber orchestra puts a new spin on traditional auditions
2008-12-18, wireless networks charge full speed ahead
2008-12-18, power meters help homeowners track and cut their energy use
2008-12-18, poetry organization receives 2 million grant
2008-12-18, wireless only households multiply
2008-12-18, Letters to the Editor											
2008-12-18, The Fed's big rate cut: what impact?											
2008-12-18, Afghan women fear a retreat to dark days											
2008-12-18, Reporters on the Job											
2008-12-18, World											
2008-12-18, Britain jails Iraqi doctor for terror plots, as Brown orders troops out											
2008-12-18, election 08 is causing a brain drain on capitol hill
2008-12-18, blagojevich readying for an uphill fight
2008-12-18, top pollster to republicans don t rush the comeback
2008-12-18, Free expression grows in China (just don't talk politics)											
2008-12-18, Pastor's private worship puts him under public scrutiny											
2008-12-18, Earnings wither in the Chinese countryside											
2008-12-18, An entrepreneur agrees: 'To get rich is glorious'											
2008-12-18, Six lives in a new China											
2008-12-18, China's Communist Party cautiously celebrates its reforms											
2008-12-18, A Chinese peasant goes to town on capitalism											
2008-12-18, A Westerner grows up in China											
2008-12-18, In Iraq, a different kind of drama stages a message of reconciliation											
2008-12-18, A silver lining to the recession											
2008-12-18, A credit card where it's due											
2008-12-18, world s oceans turning acidic faster than expected
2008-12-18, makers of green products start to see red lights
2008-12-18, The power of innocence											
2008-12-17, the 12 plants of christmas christmas pepper
2008-12-17, the safety geeks who rescue us before disaster happens
2008-12-17, Snazzy holiday drinks, alcohol free											
2008-12-17, Pause for a holiday tea											
2008-12-17, Should ground troops hunt pirates in Somalia?											
2008-12-17, Africans join forces to fight the LRA											
2008-12-17, As Iraq calms, Mosul remains a battle front											
2008-12-17, Mideast awaits new leaders, direction in 2009											
2008-12-17, obama wins time person of the year palin is a runner up
2008-12-17, report mekong region a biological treasure trove
2008-12-17, greens mixed on obamas interior agriculture picks
2008-12-17, study finds decline in american driving
2008-12-17, spider web is 140 million years old
2008-12-17, the tales of beedle the bard
2008-12-17, with ctors now you can be a star virtually
2008-12-17, new yorks proposed itunes tax
2008-12-17, apple ripe for macworld expo exit
2008-12-17, the girls who went away
2008-12-17, what comes after chick lit quiche lit
2008-12-17, the top 10 out of print books in the us
2008-12-17, Letters to the Editor											
2008-12-17, Madoff scam saps confidence in Wall Street											
2008-12-17, Reporters on the Job											
2008-12-17, World											
2008-12-17, obama criticizes bush as he unveils agriculture and interior picks
2008-12-17, young republicans seek a new kind of party
2008-12-17, Two big China stories you missed this year											
2008-12-17, Japan quietly seeks global leadership niches											
2008-12-17, Kidnapping of US antikidnapping consultant rattles Mexico											
2008-12-17, New resolution on Mideast peace passes at UN											
2008-12-17, Big victory against global bribery											
2008-12-17, jungle diary i set out in search of papua s cannibals
2008-12-17, You can make a difference											
2008-12-16, a deaf football team vanquishes opponents and stereotypes
2008-12-16, Where children learn to TEL.A.VISION											
2008-12-16, From trash to an inventor's treasure trove											
2008-12-16, A tiny house for every story											
2008-12-16, New rival to test South Africa's ANC											
2008-12-16, In new ads, Palestinians try to sway Israeli public on peace plan											
2008-12-16, Supreme Court reinstates detainee suit against Rumsfeld, others											
2008-12-16, Supreme Court rules smokers can sue over 'light' cigarette claims											
2008-12-16, A camp for kids coping with war wounds of a parent											
2008-12-16, report finds endangered species decisions tainted by politics
2008-12-16, seeding the future
2008-12-16, live from your dining room it s your own tv channel
2008-12-16, microsoft admits security flaw stop exploring experts say
2008-12-16, personal memoirs of us grant
2008-12-16, students write publish their own books
2008-12-16, lynne cheney plans to write a bio of james madison
2008-12-16, manga another way of seeing the world
2008-12-16, Letters to the Editor											
2008-12-16, Reporters on the Job											
2008-12-16, World											
2008-12-16, Gangs infiltrate Canada's airports											
2008-12-16, Zimbabwe official injured in shooting											
2008-12-16, obama names basketball buddy and fellow harvard alum as education secretary
2008-12-16, another kennedy in the united states senate
2008-12-16, many want blagojevich out but how
2008-12-16, Israel's coming test for Obama											
2008-12-16, West prods Pakistan on antiterror fight – with aid											
2008-12-16, New Thai prime minister chosen											
2008-12-16, Japan as ground zero for no-waste lifestyle											
2008-12-16, Ninety minutes of school holiday music – and nary a note about Jesus											
2008-12-16, Repulsed by Blago's bleeps											
2008-12-16, Another paradigm for commerce											
2008-12-15, vatican christmas tree to be recycled into toys
2008-12-15, CD Reviews: Torrential tropical music reigns											
2008-12-15, We couldn't get away with anything											
2008-12-15, Without the stand, the tree wouldn't be the same											
2008-12-15, Ideological clash of two jihadi titans shakes Al Qaeda											
2008-12-15, Bush's final Iraq visit marks gains, meets contempt											
2008-12-15, Tough line on auto bailout may extend to other industries											
2008-12-15, Will Obama ease US policy toward Cuba?											
2008-12-15, michigan congressman calls it quits unless he changes his mind again
2008-12-15, australias climate plans aim low
2008-12-15, modern mariner phones home to maine schoolhouse
2008-12-15, climate talks over whats next
2008-12-15, last of the old guard
2008-12-15, ghost warrior
2008-12-15, gift ideas childrens book recommendations
2008-12-15, where children learn to telavision
2008-12-15, what book critics are talking about the week of dec 16 2008
2008-12-15, microsofts slick first iphone app
2008-12-15, smart key would disable teens phones while driving
2008-12-15, New ads: battle of the brands											
2008-12-15, Solutions to the nation's housing bubble still up in the air											
2008-12-15, Next move in Fed's most activist year											
2008-12-15, Some safe yet profitable moves for today's investors											
2008-12-15, Financial Q&A: How a bank failure affects CD interest											
2008-12-15, World											
2008-12-15, A sanctuary for dissent in Greece?											
2008-12-15, Reporters on the Job											
2008-12-15, Joint raid sets camp of Ugandan rebel group ablaze											
2008-12-15, rule ok s chemical tankers through cities
2008-12-15, obama s team oks contacts with gov blagojevich but won t share specifics
2008-12-15, obama to arrive for inaugural via train will pick up joe in delaware
2008-12-15, Israel's plan to free Palestinian prisoners is foolish – and illegal											
2008-12-15, Beneath Thailand's tumult, a rural-urban fault line											
2008-12-15, Japan cracking US pop culture hegemony											
2008-12-15, this just in barack obama is the next president
2008-12-15, biden gets new dog animal rights advocates not happy
2008-12-15, new york governor not laughing at saturday night live skit
2008-12-15, Barack Obama, and America's place in the world											
2008-12-15, Letters to the Editor											
2008-12-15, Rescue US autoworkers first											
2008-12-15, Holidays and 'sweet seasons of renewal'											
2008-12-14, the 12 days of christmas plants amaryllis
2008-12-14, president bush ducks flying shoes at weird press conference
2008-12-14, buy a blackberry and get john mccains number at no extra cost
2008-12-14, palins church heavily damaged in fire arson suspected
2008-12-14, rowing to latitude
2008-12-14, a new presidential library and history in the making
2008-12-14, obama and the wary left
2008-12-15, Raúl Castro's visit with Chávez shows Cuba's need for oil											
2008-12-14, blagojevich no quitter no plans to step down tomorrow
2008-12-14, mccain wont endorse palin for 2012
2008-12-13, Review: 'The Reader'											
2008-12-13, Review: 'The Day the Earth Stood Still'											
2008-12-13, Review: 'Che'											
2008-12-13, White House says it won't allow Big Three to fail											
2008-12-13, white house removes protections for endangered species
2008-12-13, the magicians book
2008-12-13, great expectations
2008-12-12, Over the hedge											
2008-12-12, A life without books? Unimaginable!											
2008-12-12, Just what is already baked into that cake?											
2008-12-12, Zimbabwe cholera outbreak threatens regional stability											
2008-12-12, Saudi women speak publicly about divorce											
2008-12-12, Hospital's recovery signals rising well-being in Iraq											
2008-12-12, Housing: the key to economic revival?											
2008-12-12, Legacy of Chicago sit-in: empowering laid-off workers											
2008-12-12, at poland climate talks al gore calls for tough co2 limits
2008-12-12, study elephants in zoos live much shorter lives
2008-12-12, why i live out of my wife s suitcase
2008-12-12, my idea of skiing is sitting on the sofa
2008-12-12, Six Picks: Recommendations from the Monitor staff											
2008-12-12, Big Easy's new biennial energizes arts community											
2008-12-12, TV's shifting landscape leaves scriptwriters in a pinch											
2008-12-12, what a moon and a meteor shower thats still worth watching
2008-12-12, ethan zuckerman on how to engineer serendipity online
2008-12-12, kurdistan in the shadow of history
2008-12-12, a thoughtful option for holiday book buying
2008-12-12, business books go sky high in india
2008-12-12, horizon highlights mad scientist edition
2008-12-12, Letters to the Editor											
2008-12-12, In between the fighting, soldiers also battle boredom											
2008-12-12, Reporters on the Job											
2008-12-12, World											
2008-12-12, Belgium charges six with connections to a terrorist group											
2008-12-12, pollster voters like obama hate economy will ignore blagojevich
2008-12-12, My journey to find comfort in the cold											
2008-12-12, Raul Castro makes historic first visit to Venezuela											
2008-12-12, UN adds Pakistani militants to terrorist watch list											
2008-12-12, Pakistan's top general reins in own Army											
2008-12-12, california jumps to front of global warming fight
2008-12-12, The world's need for integrity											
2008-12-11, the 12 days of christmas plants norfolk island pine
2008-12-11, Ignoring the Christmas letter dos and don'ts											
2008-12-11, Maliki's tenure on ice as rift with Kurds widens											
2008-12-11, New life for Atlanta's English Avenue											
2008-12-11, optimism fading for poland climate talks
2008-12-11, whats an energy czar anyway
2008-12-11, that holiday gift moment of truth wear am i
2008-12-11, astronomer finds co2 in exoplanets atmosphere
2008-12-11, with black holes astronomers learn to go with the flow
2008-12-11, the poisonwood bible
2008-12-11, a personal shopper for books
2008-12-11, getting comfortable reading books on your cell phone
2008-12-11, laptop batteries leap forward go green
2008-12-11, Letters to the Editor											
2008-12-11, Britain abuzz over a new plan to arm bobbies with Tasers											
2008-12-11, World											
2008-12-11, Reporters on the Job											
2008-12-11, India overhauls national security after Mumbai attacks											
2008-12-11, Will strike and riots bring Greek government down?											
2008-12-11, president bush and on line media s growing impact
2008-12-11, corruption winds through illinois politics
2008-12-11, auto bailout clears house bigger hurdle ahead
2008-12-11, obama plans major speech in muslim world to reboot america s image abroad
2008-12-11, pollster voters like obama hate economy will ignore blagojevich
2008-12-11, healthcare obama presses ahead
2008-12-11, The petroleum and poverty paradox											
2008-12-11, Two years after its launch, Mexicans question President Calderón's drug war											
2008-12-11, In Basilan, Philippines, a US counterterrorism model frays											
2008-12-11, Cuban activists say they were beaten on eve of 60th human rights anniversary											
2008-12-11, What will Ingrid Betancourt's South America tour accomplish?											
2008-12-11, US, world influence over Mugabe limited											
2008-12-11, How we finally won the ballot question on greyhound racing											
2008-12-11, Shock and gall in Illinois											
2008-12-11, Prayer that defeats economic darkness											
2008-12-10, the 12 days of christmas plants kalanchoe
2008-12-10, colorado couple tries to go a year without buying anything new
2008-12-10, The hunt for the humble hermit											
2008-12-10, Christmas songs in the spotlight											
2008-12-10, A new script for family drama											
2008-12-10, 'Mercy' ad campaign urges Saudis to treat foreign workforce humanely											
2008-12-10, The far-right rises in Israeli politics											
2008-12-10, California running out of money											
2008-12-10, For news industry, troubles only accelerate											
2008-12-10, A government-run auto industry?											
2008-12-10, East L.A., Latino heartland, revives its dream of cityhood											
2008-12-10, US students improve in math											
2008-12-10, reports obama picks energy chief
2008-12-10, an oasis in an unexpected spot
2008-12-10, what matters
2008-12-10, the book was better movies that didnt measure up
2008-12-10, amazons jeff bezos as 2008 person of the year
2008-12-10, the future of search do you ask google or the gaggle
2008-12-10, how is sonys home better than second life
2008-12-10, Letters to the Editor											
2008-12-10, Reporters on the Job											
2008-12-10, Russians trudge ahead as economy tanks once again											
2008-12-10, In Europe, same-sex showdown moves to UN											
2008-12-10, World											
2008-12-10, Ethiopian troops launch major offensives against Islamist insurgents in Somalia											
2008-12-10, president elect obama thinks illinois governor blagojevich should quit
2008-12-10, blagojevich case is part of feds focus on graft
2008-12-10, Obama's moment on human rights											
2008-12-10, India pressures Pakistan by naming Mumbai suspects											
2008-12-10, Recession hits Japan's part-time workers											
2008-12-10, joe the plumber trashes mccain in new book
2008-12-10, A political ruckus ... in Canada?!											
2008-12-10, Pump up the federal gas tax											
2008-12-10, environmentalists send their wish list to obama
2008-12-10, in atlanta an expanded botanical mission
2008-12-10, The heart of Christmas											
2008-12-09, the 12 days of christmas plants cyclamen
2008-12-09, the league of mars bound gentlemen
2008-12-09, matchbox museum offers small view of big history
2008-12-09, Singles forge new holiday traditions											
2008-12-09, For kids: A creative and cool class gift											
2008-12-09, A dog's-eye view of December											
2008-12-09, Does Hebron clash signal new round of settler revolts?											
2008-12-09, Was the New Deal too small?											
2008-12-09, Who's at fault for harsh antiterror tactics?											
2008-12-09, In 9/11 suspects' bid to confess, a blow to US tribunal system											
2008-12-09, senator larry craig loses airport bathroom misconduct appeal
2008-12-09, should we nationalize the big three
2008-12-09, tending to topiary
2008-12-09, video games grow up
2008-12-09, the gps as dashboard snitch
2008-12-09, seen behind the scene
2008-12-09, where rivers change direction
2008-12-09, everybody loves the digital library maybe too much
2008-12-09, straight from youtube to book
2008-12-09, learn googlese in 10 easy steps
2008-12-09, Reporters on the Job											
2008-12-09, World											
2008-12-09, Five Blackwater guards to face Washington jury on Baghdad manslaughter charges											
2008-12-09, efforts to sell obama s senate seat part of a political corruption crime spree
2008-12-09, feds arrest illinois governor for corruption
2008-12-09, The dangers of Obama's public-works juggernaut											
2008-12-09, The debt we owe Iraqi interpreters											
2008-12-09, Mexico braces for fallout from Detroit											
2008-12-09, Pakistan on tightrope with militant raid											
2008-12-09, Last-minute shift could jeopardize Congo peace talks											
2008-12-09, Will North Korea cut a nuclear deal before Obama arrives?											
2008-12-09, illinois governor charged with trying to sell obama s senate seat
2008-12-09, Letters to the Editor											
2008-12-09, in new mexico canyon a novel way to prevent roadkill
2008-12-09, A psalm for all seasons											
2008-12-08, garden siteseeing in texas montana alberta and michigan
2008-12-08, teens in oakland calif find an outlet in scraper bikes
2008-12-08, The humble football hero											
2008-12-08, University brings American-style learning to Iraq											
2008-12-08, Congress near a Big Three deal, with strings attached											
2008-12-08, whew obama can still be president supreme court declines case
2008-12-08, Here in a moonlight castle near Antibes											
2008-12-08, Europe's Christmas markets											
2008-12-08, name that bat for the holidays
2008-12-08, looking for lincoln
2008-12-08, help the publishing industry find a book drive
2008-12-08, two rockets and a new space race
2008-12-08, wiis and iphones wal mart corners the must haves this winter
2008-12-08, Letters to the Editor											
2008-12-08, A biblical lesson for today's bankers											
2008-12-08, The vanishing 9-to-5 job											
2008-12-08, Can green firms grow in today's downturn?											
2008-12-08, Financial Q&A: Postbankruptcy mortgage, but stuck at a high rate											
2008-12-08, Retirement accounts offer tax relief											
2008-12-08, Anarchists' fury fuels Greek riots											
2008-12-08, World											
2008-12-08, Reporters on the Job											
2008-12-08, In unconfirmed raid, Pakistan seizes Mumbai attack ringleader											
2008-12-08, In China, empty office spaces fill the sky											
2008-12-08, Mumbai attacker's hometown is in Pakistan											
2008-12-08, obama admits he hasnt totally kicked the cigarette habit
2008-12-08, ohio democrat wins seat in last undecided house race
2008-12-08, End, don't mend, the Transportation Security Administration											
2008-12-08, Somalia's piracy problem is everyone's problem											
2008-12-08, The US road through Turkey											
2008-12-08, What shields us from harm											
2008-12-07, the 12 days of christmas plants poinsettias
2008-12-07, after the landers of mars summer have gone
2008-12-07, obama economy is going to get worse
2008-12-07, heirloom plants on the family tree
2008-12-07, from the monitor archives q and a by vikas swarup
2008-12-07, could the internet have prevented the holocaust
2008-12-07, a day in the security bubble with barack obama
2008-12-07, david gregory wins meet the press moderators chair
2008-12-07, scandal plagued louisiana congressman ousted by little known republican
2008-12-07, bush s pushes for marine reserves
2008-12-06, Review: 'Frost/Nixon'											
2008-12-06, Review: 'Wendy and Lucy'											
2008-12-06, Review: 'Cadillac Records'											
2008-12-06, Dec. 7, 1941 – the day that changed the world											
2008-12-06, Rumors of cocaine money taint Ghana vote											
2008-12-06, DVDs and CDs for the elementary crowd											
2008-12-06, ashbery collected poems 1956 1987
2008-12-06, white savage william johnson and the invention of america
2008-12-06, books as holiday gifts
2008-12-06, Nicaragua's Ortega defiant after US, Europe yank aid											
2008-12-05, midlife discovery im a brother in collage with satchmo
2008-12-05, Where are all these countries coming from?											
2008-12-05, Our tall, grand, and clumsy tree											
2008-12-05, Dec. 7, 1941 – the day that changed the world											
2008-12-05, Over the hedge											
2008-12-05, In Ghana, a political neophyte, with a household name, campaigns											
2008-12-05, How a murder investigation could snarl Mideast peace											
2008-12-05, Christie's takes disputed earrings off auction block											
2008-12-05, Hebron clash tests Israeli ability to remove outposts											
2008-12-05, Supreme Court case: Can terror suspect in US be held indefinitely?											
2008-12-05, Catholic groups fear abortion rights bill											
2008-12-05, noise pollution threatening marine life
2008-12-05, un defends carbon trading scheme from us criticism
2008-12-05, venus is on a roll
2008-12-05, the school on hearts content road
2008-12-05, the middle sea a history of the mediterranean
2008-12-05, no kindle under your christmas tree
2008-12-05, horizon highlights tech history edition
2008-12-05, Letters to the Editor											
2008-12-05, Is US now stuck with irrational pessimism?											
2008-12-05, Auto bailout: Congress gets closer to a decision											
2008-12-05, Uncertain impact of US push to cut mortgage rates											
2008-12-05, America's 'other' auto industry											
2008-12-05, Oil industry adjusts to lower prices											
2008-12-05, In Canada, Harper's government in crisis											
2008-12-05, Vlad TV: Putin hits airwaves to reassure Russians											
2008-12-05, World											
2008-12-05, Reporters on the Job											
2008-12-05, Pakistani organization accused of links to Mumbai attacks holds open house											
2008-12-05, Public anger strains Indian-Pakistani cooperation											
2008-12-05, Sectarian tensions simmer over a pig in Cotabato City											
2008-12-05, As Mexico's drug war rages, military takes over for police											
2008-12-05, obama raises 750 million for campaign ends up getting job
2008-12-05, With Obama's help, France, too, can shatter the glass ceiling for blacks											
2008-12-05, My teen wants a computer in his room. I say no. Here's why.											
2008-12-05, Why a Big Three rescue is so hard											
2008-12-05, loss of 533000 us jobs is sharpest in 34 years
2008-12-05, earthtalk how can i form an environmental club at school
2008-12-05, You  have a prayer!											
2008-12-04, the 12 days of christmas plants christmas cactus
2008-12-04, nasa delays flagship mars rover launch to 2011
2008-12-04, voices of rwanda healing the wounds of genocide
2008-12-04, Tending to topiaries											
2008-12-04, Heirloom plants on the family tree											
2008-12-04, An unexpected highway garden											
2008-12-04, Dubai's frenzied, trillion-dollar building boom falters											
2008-12-04, Iraq bids to stop Christie's sale of ancient earrings											
2008-12-04, US Supreme Court takes up tobacco case for third time											
2008-12-04, florida congresswoman hangs up on obama twice
2008-12-04, rick perry to kay bailey hutchison bring it on
2008-12-04, A push to boost college graduation rates											
2008-12-04, bendable chip
2008-12-04, will solar power ever be as cheap as coal
2008-12-04, best childrens books of 2008
2008-12-04, would another depression make us more creative
2008-12-04, as facebook spreads so does malware
2008-12-04, Letters to the Editor											
2008-12-04, Michigan's survival plan: Find new industries – fast.											
2008-12-04, Automakers' recovery plan: Get small.											
2008-12-04, Reporters on the Job											
2008-12-04, Time ticking away for Happy Hour											
2008-12-04, World											
2008-12-04, Rice demands 'robust' cooperation from Pakistan in Mumbai probe											
2008-12-04, Britain's civil liberties in spotlight after Parliament raid											
2008-12-04, laura bush sentimental over leaving white house
2008-12-04, With a Detroit bailout, the Fed may become too invested to quit											
2008-12-04, Are Al Qaeda's fingerprints on the Mumbai attack?											
2008-12-04, Frustration high in Zimbabwe's Army, a Mugabe power base											
2008-12-04, Pakistan moves up US priority list											
2008-12-04, 'Tis the season ... for giving											
2008-12-04, Zimbabwe on the brink											
2008-12-03, environmentally minded cowboys run a green ranch in arizona
2008-12-03, The search for saffron											
2008-12-03, Bacon with dessert?											
2008-12-03, My own private wildlife sanctuary											
2008-12-03, US subcontractor keeps 1,000 Asians confined in Iraq warehouse											
2008-12-03, Israelis mourn losses in Mumbai attacks											
2008-12-03, Hit by hurricane Ike and unexpected layoffs, Galveston ponders its recovery											
2008-12-03, In Guantánamo case, a judge tightens the screws on the US											
2008-12-03, bush could run for us senate jeb not george
2008-12-03, ed rendell on janet napolitano perfect because she has no life
2008-12-03, Conservative bishops propose a competing North American Anglican church											
2008-12-03, can we have sustainable flying cars
2008-12-03, seeking 34 billion from congress automakers promise electric cars
2008-12-03, hawaii endorses ambitious electric car plan
2008-12-03, volunteering elbow grease for science
2008-12-03, checking in on t mobiles g1
2008-12-03, hawaii seeks better place through electric cars
2008-12-03, rice powered stove ignites new hope for poor farmers
2008-12-03, best short stories of 2008
2008-12-03, beedle the bard the next must have for harry potter fans
2008-12-03, an ethical question involving ebooks
2008-12-03, Letters to the Editor											
2008-12-03, Obama, governors share plans for boosting public-works jobs											
2008-12-03, Reporters on the Job											
2008-12-03, World											
2008-12-03, Rice urges Pakistan to ‘act quickly’ in Mumbai terror investigation 											
2008-12-03, chertoff us can learn from mumbai attacks
2008-12-03, With a little help from Congress, homeowners could come to their own rescue											
2008-12-03, New template for terror?											
2008-12-03, Ruling party must disband, Thai court orders											
2008-12-03, with chambliss republicans win one in the south
2008-12-03, Want less, spend less – wealth is relative to desire											
2008-12-03, the abundant fossil fuel you ve never heard of
2008-12-03, No trouble with Love											
2008-12-02, why did i grow that plant
2008-12-02, Kid Spot Quiz: Weather forecast											
2008-12-02, The Louisiana workman's trusty tool											
2008-12-02, America's diminishing role in Iraq											
2008-12-02, britney spears beats barack obama
2008-12-02, Americans hail a postman's junk-mail jihad											
2008-12-02, senegalese thirsty to learn find an oasis in a simple library
2008-12-02, Offbeat atlases map architecture, art, and whimsy											
2008-12-02, tis the season for christmas trees
2008-12-02, when is an online fad over
2008-12-02, youtube spotlights classical musicians with internet symphony
2008-12-02, jupiters gone but venus and the moon will meet again soon
2008-12-02, thanks to dtv my television has fallen off a cliff
2008-12-02, best novels of 2008
2008-12-02, shafted free trade and america s working poor
2008-12-02, offbeat atlases map architecture art and whimsy
2008-12-02, a day in the life of a cherished but struggling senegalese library
2008-12-02, Auto firms' woes test customer loyalty											
2008-12-02, Citigroup bailout doesn't calm jitters over 'toxic' assets											
2008-12-02, Europe hopes havens will give bees a break											
2008-12-02, World											
2008-12-02, Reporters on the Job											
2008-12-02, Thai court bans prime minister, ruling party from politics											
2008-12-02, Financial crisis may worsen food crunch it eclipsed											
2008-12-02, Pakistan pressed on India attacks											
2008-12-02, Brazil goes high-tech in bid to protect vulnerable Amazon tribes											
2008-12-02, obama s team of stars can he manage it
2008-12-02, christmas tree ornament banned at white house
2008-12-02, Want more accountable schools? Look to Finland's peer approach.											
2008-12-02, Let bankruptcy help fix bad mortgages											
2008-12-02, Letters to the Editor											
2008-12-02, Obama's national security balancing act											
2008-12-02, great perils of the great lakes
2008-12-02, deck the halls with led lights
2008-12-02, Turning off the Blame Game											
2008-12-01, want a new houseplant heres a great choice
2008-12-01, Oldest Holocaust survivor tells a story of faith and courage that's out of the ordinary											
2008-12-01, A bird's-eye view of the farm											
2008-12-01, A junk drawer full of treasures											
2008-12-01, obama plans to green the white house
2008-12-01, light pollution harms not just stargazers
2008-12-01, i decide to attend the opera with raisinets and bonbons
2008-12-01, an american at swiss gardening boot camp
2008-12-01, A quiet moment to redeem a scarred past											
2008-12-01, tonight for one show only its jupiter venus and the moon
2008-12-01, writers strike out on their own with a website
2008-12-01, best nonfiction books of 2008
2008-12-01, three cups of tea 3
2008-12-01, the books authors have on their christmas lists
2008-12-01, adult readers check out these book for teens
2008-12-01, whale flipper windmill
2008-12-01, Financial Q&A: Mutual fund tax planning often begins with a phone call											
2008-12-01, US Treasury and the Fed: too close for comfort?											
2008-12-01, Retail season starts strong, but a long haul ahead											
2008-12-01, Early tax planning can save you money											
2008-12-01, Airport clash grounds Thailand											
2008-12-01, World											
2008-12-01, Reporters on the Job											
2008-12-01, Mumbai attacks raise pressure on a beleaguered Pakistan											
2008-12-01, The unquenchable fire in Burmese hearts											
2008-12-01, Mumbai attacks pose test for India											
2008-12-01, Steadfast, Mumbai begins picking up the pieces											
2008-12-01, Africa’s AIDS fight: Fresh focus on issue of multiple partners 											
2008-12-01, Korea's history: What text should high-schoolers read?											
2008-12-01, obamas national security team of rivals
2008-12-01, governors to president elect obama send money soon
2008-12-01, Obama's change: minor or major?											
2008-12-01, Letters to the Editor											
2008-12-01, Best ways to react to India's '9/11'											
2008-12-01, cyber monday will online shopping save the economy
2008-12-01, building trust tops global climate agenda
2008-12-01, Shutting the door on terrorism											
2008-11-30, the passion of reverend nash from the monitor archives
2008-11-30, another theory on the success of twilight
2008-11-30, the story of the oldest living holocaust survivor
2008-11-30, venus and jupiter and the moon oh my
2008-11-30, will obama and clinton work as a team
2008-11-29, deciding the next decider
2008-11-29, more population nature and what women want
2008-11-29, libraries we need them now more than ever
2008-11-28, garden siteseeing in egypt new zealand south africa and england
2008-11-28, Review: 'Australia'											
2008-11-28, what thanksgiving leftovers are in my fridge
2008-11-28, the day i got stuck in the congo and called car talk
2008-11-28, Former South African addict helps others kick the habit – by surfing											
2008-11-28, Iraqi lawmakers give US security pact the nod											
2008-11-28, Israeli court rebukes state over illegal outposts											
2008-11-28, On brink of vote, Iraqi parliament makes new demands											
2008-11-28, Black comedians adapt to Obama era. Is 'angry' out?											
2008-11-28, Continuity in wartime behind Obama’s decision on Gates											
2008-11-28, Theater for an unlikely audience											
2008-11-28, Six Picks: Recommendations from the Monitor staff											
2008-11-28, Surprise company on a 'solo' trip											
2008-11-28, Geographical longings – right down to the grass roots											
2008-11-28, Over the hedge											
2008-11-28, reviews of four picture books
2008-11-28, horizon highlights black friday edition
2008-11-28, piano the making of a steinway grand concert piano
2008-11-28, good news about reading
2008-11-28, The year of holiday thrift											
2008-11-28, Reporters on the Job											
2008-11-28, New bluefin catch rule riles scientists											
2008-11-28, World											
2008-11-28, London warms to Islamic finance											
2008-11-28, A painting called 'Hope' wins fans as Barack Obama's inspiration											
2008-11-28, India: Who are the militants who attacked Mumbai?											
2008-11-28, China's virtual vigilantes: Civic action or cyber mobs?											
2008-11-28, swing voters give obama flexibility to solve us economic crisis
2008-11-28, Nepal's ban on private schools is unjust											
2008-11-28, 'Made in America' must make a comeback											
2008-11-28, Melvin Maddocks: an appreciation											
2008-11-28, Ukraine's stalled revolution											
2008-11-28, new bluefin catch rule riles scientists
2008-11-28, Cause for thanksgiving											
2008-11-27, reviews of science fair and the maze of bones
2008-11-27, when invisible children sing
2008-11-27, what to read on thanksgiving morning
2008-11-26, Discontent over Maliki threatens US-Iraqi security pact											
2008-11-26, Is lobster the new turkey for Thanksgiving?											
2008-11-26, In switch, Obama emphasizes belt-tightening											
2008-11-26, Guilty verdict in MySpace suicide case could chill Internet speech											
2008-11-26, should we recycle urine on earth too
2008-11-26, everybody s kitchen delivers meals in louisiana bayou country
2008-11-26, What was this holiday in November?											
2008-11-26, To fill a table, they go online											
2008-11-26, The turkey challenge											
2008-11-26, reviews of three biographies for children
2008-11-26, the french and indian war
2008-11-26, laura bush publishers discuss a book deal
2008-11-26, paleontology without the fossils
2008-11-26, US unveils new $800 billion plan to loosen credit											
2008-11-26, Israel bans press in the Gaza Strip											
2008-11-26, World											
2008-11-26, Signs of thaw in bitter South Asian dispute											
2008-11-26, Reporters on the Job											
2008-11-26, Thai army leader asks prime minister to step down											
2008-11-26, for obama white house clout is now
2008-11-26, Historic buildings lost to India's urban boom											
2008-11-26, Few gains in Thai protesters' 'final war'											
2008-11-26, a last electoral hurdle for obama
2008-11-26, In the name of peace, Israelis and Palestinians should become European											
2008-11-26, Revolutionary help for homeowners											
2008-11-26, Letters to the Editor											
2008-11-26, getting there how can i figure out the greenest way to go
2008-11-26, The Bible's message of hope and healing											
2008-11-25, thanksgiving flowers
2008-11-25, Russia's new presence in Latin America											
2008-11-25, Curaçao buffeted as it plays host to US military site, Venezuelan business interests											
2008-11-25, From the editor: The Monitor's next century											
2008-11-25, A global online push for compassion											
2008-11-25, Inside the Monitor, a culture of camaraderie – and a shared mission											
2008-11-25, Our first century											
2008-11-25, Can US judges order detainees released?											
2008-11-25, the prayer booth an artist s exhibit of faith
2008-11-25, On the run every Thanksgiving											
2008-11-25, For kids: Down on the turkey farm											
2008-11-25, The yearly mashed potato complaint											
2008-11-25, reviews of chalice and house of many ways
2008-11-25, is your game console running better go catch it
2008-11-25, a new kindle early next year
2008-11-25, ups and downs in the world of book sales
2008-11-25, worlds most expensive book
2008-11-25, Obama acting increasingly presidential											
2008-11-25, Fewer fliers this Thanksgiving, but flights will still be packed											
2008-11-25, In Michigan's auto belt, it's nail-biting time											
2008-11-25, World											
2008-11-25, Dimming hope for European auto giants											
2008-11-25, Reporters on the Job											
2008-11-25, Heads of US charity convicted on terror-financing charges											
2008-11-25, as latinos tilt democratic can texas stay red
2008-11-25, who will fill obama s senate seat
2008-11-25, Rise in crime, kidnapping, top Afghans' worries											
2008-11-25, Liberals, too, should reject the Fairness Doctrine											
2008-11-25, For China and Taiwan, a welcome thaw											
2008-11-25, Letters to the Editor											
2008-11-25, Iraq's vote for independence											
2008-11-25, democrats brace for midnight rules from bush
2008-11-25, Engaging with the world											
2008-11-24, publishers cash in on obama book boom
2008-11-24, random house to digitize thousands of books
2008-11-24, twilight a cult phenomenon
2008-11-24, barnes noble interview with khaled hosseini
2008-11-24, Rape's vast toll in Iraq war remains largely ignored											
2008-11-24, Schools feel pinch from economic woes											
2008-11-24, bay area seeks to become electric car capital
2008-11-24, Is slow food slowly changing?											
2008-11-24, An improvised Thanksgiving feast											
2008-11-24, The blue jay vs. the squirrels											
2008-11-24, How prudent donors can follow their dollars											
2008-11-24, Yes, you can make a difference											
2008-11-24, Small grants lift charities in lean times											
2008-11-24, Kids embrace the spirit of giving											
2008-11-24, read my clicks
2008-11-24, the miracle at speedy motors
2008-11-24, will celebrity books lose some glitter
2008-11-24, reading program shows few gains
2008-11-24, political websites clocks that never stop
2008-11-24, Citi's woes reflect depth of crisis											
2008-11-24, Tibetans back Dalai Lama's 'middle way,' despite impatience											
2008-11-24, Reporters on the Job											
2008-11-24, World											
2008-11-24, Steel camels: Harleys rumble across Saudi sands											
2008-11-24, Three Germans detained related to attack on EU office in Kosovo											
2008-11-24, economic times are tough ignore your pentagon holiday party invitation
2008-11-24, Developing countries vow to shut door on Big Tobacco											
2008-11-24, Curaçao buffeted as it plays host to US naval site, Venezuelan business interests											
2008-11-24, FDR saved capitalism – now it's Obama's turn											
2008-11-24, Obama, Darfur, and ICC justice											
2008-11-24, A Thanksgiving proclamation from President Bush											
2008-11-24, A Thanksgiving proclamation from President Bush											
2008-11-24, A Dickens of a Thanksgiving											
2008-11-24, Unemployed? What you can do.											
2008-11-23, den of thieves classic review from the monitor archives
2008-11-23, christmas a candid history 2
2008-11-23, romance novels on your iphone
2008-11-23, thanks to the kite runner a new school in afghanistan
2008-11-23, reducing storage costs
2008-11-23, geithner headlines obama s economic team of familiar faces
2008-11-22, Review: 'House of the Sleeping Beauties'											
2008-11-22, Review: 'Lake City'											
2008-11-22, Review: 'Twilight'											
2008-11-22, in florida christmas books for the homeless
2008-11-22, musicians page through their pasts for book deals
2008-11-22, something wicked
2008-11-22, the looming tower
2008-11-22, a hero devoted to getting books to ethiopias children
2008-11-21, gardening in the news 2
2008-11-21, New York's freshest shows											
2008-11-21, five ways readers can save on books
2008-11-21, Jazz in the spotlight											
2008-11-21, Arab countries meet to tackle Somali pirate threat											
2008-11-21, California Supreme Court to hear challenges to gay-marriage ban											
2008-11-21, report climate protests rising
2008-11-21, my encounter with actor kiefer sutherland at the airport
2008-11-21, Six Picks: Recommendations from the Monitor staff											
2008-11-21, Over the hedge											
2008-11-21, On the trail of the blue butterfly											
2008-11-21, In this economy, how can you tell what's for real?											
2008-11-21, eating the sun how plants power the planet
2008-11-21, the story of edgar sawtelle 2
2008-11-21, will books for kids get really creepy
2008-11-21, horizon highlights planning ahead edition
2008-11-21, How deep a recession?											
2008-11-21, World											
2008-11-21, Brussels sprouts relaxed rules for fruits and vegetables											
2008-11-21, Reporters on the Job											
2008-11-21, US forces kill senior Al Qaeda in Iraq leader											
2008-11-21, Palestinian security gets a feminine touch											
2008-11-21, US judge orders five Guantánamo detainees freed for lack of evidence											
2008-11-21, prospect of geithner at treasury buoys markets will it last
2008-11-21, record crowd for obama inauguration
2008-11-21, an obama dog for the kids and the country
2008-11-21, US airstrikes put Pakistan's leaders on defensive											
2008-11-21, Is Kashmir key to Afghan peace?											
2008-11-21, Doubt greets IMF bailout offers											
2008-11-21, What to do with Guantánamo's detainees											
2008-11-21, Venezuela's fork in the road: socialism or capitalism?											
2008-11-21, Letters to the Editor											
2008-11-21, Obama's key nonappointment: Bernanke											
2008-11-21, korean demilitarized zone now a wildlife haven
2008-11-21, how to be part of the solution to used oil disposal
2008-11-21, You are not left out in the cold											
2008-11-20, garden siteseeing in england and the us
2008-11-20, national book award prizes announced
2008-11-20, poetry review fire to fire by mark doty
2008-11-20, Al Qaeda No. 2 insults Obama with racial slur in new video											
2008-11-20, Petraeus had Bush's ear. Will Mike Mullen have Obama's?											
2008-11-20, From woolly mammoth hair, the beast's genetic map is born											
2008-11-20, waxman unseats dingell as house energy committee chair
2008-11-20, the saga of a runaway elephant bull
2008-11-20, petal power creating joy in a vase
2008-11-20, Winter's coming, ready or not											
2008-11-20, Petal power: creating joy in a vase											
2008-11-20, a great idea at the time
2008-11-20, three cups of tea 2
2008-11-20, beardsley drawing sets record at fine books auction
2008-11-20, twilight how a book touched a town
2008-11-20, the art and science of playing with your food
2008-11-20, review round up blackberry storm
2008-11-20, Letters to the Editor											
2008-11-20, Global deflation risk grows											
2008-11-20, Relief at pump: gasoline below $2 a gallon											
2008-11-20, India leads fight against Somali pirates											
2008-11-20, World											
2008-11-20, Far right posting gains in England											
2008-11-20, Reporters on the Job											
2008-11-20, Nighttime attack on Thai antigovernment protesters wounds at least 20											
2008-11-20, a low profile birthday for joe biden
2008-11-20, how would hillary clinton do as top us diplomat
2008-11-20, will stevens s ouster be good for alaska
2008-11-20, arizona governor napolitano tapped as new homeland security chief
2008-11-20, Who are Somalia's pirates?											
2008-11-20, Thai schools use dance class, prayer to curb violence											
2008-11-20, Secretary of State Clinton?											
2008-11-20, To turn the tide on piracy in Somalia, bring justice to its fisheries											
2008-11-20, 'I can, because I must.'											
2008-11-19, My mother's kind of pumpkin pie											
2008-11-19, Thanksgiving for two											
2008-11-19, California wildfire lessons: Steps by homeowners cut damage											
2008-11-19, is general motors too big to fail or just too big
2008-11-19, obama promises new chapter in climate leadership
2008-11-19, poll world wants green action despite costs
2008-11-19, The resourceful storyteller											
2008-11-19, microblog while you work
2008-11-19, eat memory great writers at the table
2008-11-19, the tenderness of wolves
2008-11-19, a book as christmas gift heres a smarter idea
2008-11-19, nabokovs last book comes to light
2008-11-19, malcolm gladwell is an outlier
2008-11-19, Letters to the Editor											
2008-11-19, Why Yahoo's Jerry Yang stepped down											
2008-11-19, Auto giants up against bailout fatigue											
2008-11-19, World											
2008-11-19, Reporters on the Job											
2008-11-19, For Bulgarian nurses, freedom isn't easy											
2008-11-19, India destroys pirate ship off Somalia											
2008-11-19, US drone hits militant hideout in Pakistan											
2008-11-19, will the press hold obama to account
2008-11-19, holder obama s seasoned pick for attorney general
2008-11-19, georgia s us senate runoff has broader political importance
2008-11-19, mike huckabee heading to iowa while ducking questions about 2012
2008-11-19, Afghan Air Corps takes off, slowly											
2008-11-19, Oil capture spotlights Somali pirates' reach											
2008-11-19, Quiet rise of Latin America's center											
2008-11-19, A road map for Detroit											
2008-11-19, today s unsettling comparison to the great dying
2008-11-19, What to do and what  not to do											
2008-11-18, from tiny acorns oaks
2008-11-18, poetry beneath their feet a public display of art and literacy
2008-11-18, Closing Guantánamo prison may force new rules for trying terrorists											
2008-11-18, bluegrass music echoes from honky tonks of new york
2008-11-18, warmth and blooming flowers all winter long
2008-11-18, Make room for new traditions											
2008-11-18, googles mobile voice search can you hear me now
2008-11-18, reviews of i see you everywhere and the flying troutmans
2008-11-18, the inspector barlach mysteries
2008-11-18, good writing vs talented writing
2008-11-18, is huckabees book aimed at 2012
2008-11-18, Letters to the Editor											
2008-11-18, Where should bailout dollars go?											
2008-11-18, A lone bright spot in real estate: farmland											
2008-11-18, US case highlights Cuban 'slaves' in Curaçao											
2008-11-18, Reporters on the Job											
2008-11-18, France captures top ETA leader											
2008-11-18, World											
2008-11-18, Bill could hasten Putin's return as president											
2008-11-18, Karzai's bid for negotiations with Taliban roundly rejected											
2008-11-18, In Beijing, author treads fine line as she tells Tibet's story											
2008-11-18, cheney to hit the campaign trail for louisiana republican what
2008-11-18, republican criticizes republican for criticizing republican then criticizes another republican
2008-11-18, A new New Deal for America											
2008-11-18, America's 'height of hypocrisy' on tobacco											
2008-11-18, Uneasy lies King Coal's crown											
2008-11-18, how air imperils the sea
2008-11-18, The G-20 Economic Summit											
2008-11-17, an orphaned koranic prodigy finds his place in the world
2008-11-17, Marriages follow the ups and downs of the economy											
2008-11-17, houseplants that prefer warmth
2008-11-17, 'Dancing' with the Koran lands Ahmadinejad aide in hot water											
2008-11-17, Iraqi cabinet votes to keep US troops											
2008-11-17, Florida fights childhood obesity with new gym rule											
2008-11-17, schwarzenegger says california must prepare for warming
2008-11-17, Family lessons from Big Mama the possum											
2008-11-17, More Mail Bag matches											
2008-11-17, OK, class, it's time for YouTube											
2008-11-17, xo laptop give one get one with amazon
2008-11-17, the outliers
2008-11-17, first person america
2008-11-17, what sells books a nod from obama
2008-11-17, a bit too wild about harry potter
2008-11-17, Bored at work? Read this.											
2008-11-17, Consumers close their wallets											
2008-11-17, Financial Q&A: A tax-free way to transfer annuities											
2008-11-17, How to avoid soaring bank fees 											
2008-11-17, Traditional pensions: Are they at risk?											
2008-11-17, G-20 leaders agree to next economic steps											
2008-11-17, Can more spending revive the American dream?											
2008-11-17, Reporters on the Job											
2008-11-17, Hip, new Baghdad hangout is a byproduct of war											
2008-11-17, World											
2008-11-17, For Europe, Obama revives positive image of America's unique identity											
2008-11-17, Somali pirates attack tanker loaded with oil											
2008-11-17, ETA military mastermind arrested in France											
2008-11-17, obama on 60 minutes leader of the free world doer of dishes
2008-11-17, After Obama's win, white backlash festers in US											
2008-11-17, obama signals he will tap his rivals
2008-11-17, new lawmakers vow to renounce partisanship
2008-11-17, Latin jitters over Obama's free-trade policies											
2008-11-17, A bipartisan Washington begins with Obama's judicial appointments											
2008-11-17, Letters to the Editor											
2008-11-17, A start for a new economic order											
2008-11-17, What's next?											
2008-11-16, when frost arrives the garden party s over
2008-11-16, the audacity of hope from the monitor archives
2008-11-16, john updike on writing later in life
2008-11-16, women make modest gains in election 2008
2008-11-15, Review: 'Slumdog Millionaire'											
2008-11-15, Prague: A classical city takes a contemporary turn											
2008-11-15, Review: 'A Christmas Tale'											
2008-11-15, Review: 'Quantum of Solace'											
2008-11-15, i dont want my kid reading that book
2008-11-15, Consumer spending drops record 2.8 percent											
2008-11-15, Japan's $1 trillion to the rescue?											
2008-11-15, No more private school, Nepal's Maoist government declares											
2008-11-15, Forget Bretton Woods II – we need a gold standard											
2008-11-14, joe biden time for you to choose a pet
2008-11-14, Opera reaches for new scale											
2008-11-14, A composer moves opera into the future											
2008-11-14, garden siteseeing in south florida and other warm places
2008-11-14, What does Congo's Gen. Nkunda want?											
2008-11-14, Kenya taps into Brazil's ethanol expertise											
2008-11-14, Three states eye bold high school reforms											
2008-11-14, oxford english dictionarys word of the year hypermiling
2008-11-14, stop outsourcing my customer service calls to india
2008-11-14, Orientalist paintings take a tour of modern Middle East											
2008-11-14, Over the hedge											
2008-11-14, How programmers helped make the case for camels											
2008-11-14, horizon highlights geek culture edition
2008-11-14, cleopatra last queen of egypt
2008-11-14, the womens bible commentary
2008-11-14, cant woman write large
2008-11-14, With crisis spreading, G-20 leaders eye quick relief											
2008-11-14, Why $25 billion bailout may not help strapped automakers											
2008-11-14, State and city budgets falling fast											
2008-11-14, A new economic club of nations											
2008-11-14, Reporters on the Job											
2008-11-14, World											
2008-11-14, To battle obesity, Britain creates nine 'healthy towns'											
2008-11-14, Osama Bin Laden 'largely isolated' from Al Qaeda, says CIA											
2008-11-14, study election created new values voter
2008-11-14, Obama's impact on 'Generation We'											
2008-11-14, Brazil as a new kind of oil giant											
2008-11-14, California's same-sex marriage case affects all of us											
2008-11-14, Letters to the Editor											
2008-11-14, Will Obama focus on race issues?											
2008-11-14, buoys help ships steer clear of right whales
2008-11-14, recycled building materials trim waste and are cheaper too
2008-11-14, road trip rv manufacturers scramble to stretch their mpgs
2008-11-14, When love feels lost											
2008-11-13, miguel syjuco s ilustrado wins the 2008 man asian literary prize
2008-11-13, the grateful gardener
2008-11-13, Among Latin leftists, Brazil's moderate Lula leads the way											
2008-11-13, Brazil becomes antipoverty showcase											
2008-11-13, Human Rights Watch faults Egypt's 'shoot-to-stop' policy											
2008-11-13, A rare imam who juggles fatwas, interfaith confabs											
2008-11-13, New mayor offers Jerusalem a secular turn											
2008-11-13, what about the ugly animals
2008-11-13, getting sulfur and soot out of truck exhaust
2008-11-13, in modern cameroon polygamy doesn t pay
2008-11-13, the chysanthemums star power
2008-11-13, From tiny acorns, mighty oaks											
2008-11-13, traitor to his class
2008-11-13, childrens book takes top prize
2008-11-13, an electric workout through pedal power
2008-11-13, space station to get home makeover
2008-11-13, planet hunters snap first pictures of other solar systems
2008-11-13, New bailout focus: how to fight foreclosures											
2008-11-13, Reporters on the Job											
2008-11-13, World											
2008-11-13, Sudan cease-fire call gets wary reception in Darfur											
2008-11-13, under obama a newly interactive government
2008-11-13, Gay activists protest Mormon church											
2008-11-13, North Korea hits back at balloon activism from South											
2008-11-13, The Saudi King's vision for interfaith dialogue											
2008-11-13, The Saudis' dubious interfaith agenda at the UN											
2008-11-13, Letters to the Editor											
2008-11-13, The trust factor in mortgage bailouts											
2008-11-13, financial crisis threatens climate change momentum
2008-11-12, being born in greece may not make you greek
2008-11-12, pen usa announces 2008 literary award winners
2008-11-12, These acorns aren't for the squirrels											
2008-11-12, On the trail of the perfect recipe											
2008-11-12, allan armitage on native plants and pink on veggies
2008-11-12, Arms race, uneasy peace in Sudan											
2008-11-12, As farms close in on the Amazon, families get paid to save trees											
2008-11-12, Farming superpower Brazil spreads its know-how											
2008-11-12, Iraqi town defies Al Qaeda											
2008-11-12, Bush, other leaders to promote interfaith dialogue at UN											
2008-11-12, This police cruiser scans license plates, sniffs out 'dirty' bombs											
2008-11-12, Court to weigh Utah sect's monument											
2008-11-12, a closer look at obama s energy plan
2008-11-12, young innovators learn to pitch big ideas
2008-11-12, For kids: Snowy's adventures at school											
2008-11-12, how studying dna from ancient animals helps humans
2008-11-12, the catcher in the rye
2008-11-12, book deals for laura bush and sarah palin
2008-11-12, gift cards that double as actual gifts
2008-11-12, Reporters on the Job											
2008-11-12, World											
2008-11-12, American aid worker killed in Pakistan											
2008-11-12, democrats reshuffle hill leadership
2008-11-12, Wary investors could learn a lot from my nephew											
2008-11-12, The US nuclear waste issue – solved											
2008-11-12, Taliban hijacking threatens key NATO supply route											
2008-11-12, Taiwan's former president held in corruption probe											
2008-11-12, China aims to end pessimism with $586 billion economic stimulus package											
2008-11-12, Letters to the Editor											
2008-11-12, The Obama of Brazil											
2008-11-12, supreme court lifts limits on navy sonar near whales
2008-11-12, John's spiritual treasure chest											
2008-11-11, houseplants for cool rooms
2008-11-11, Americans' views of military service improve											
2008-11-11, faced with rising sea levels the maldives seek new homeland
2008-11-11, with new web services more companies are working in the cloud
2008-11-11, the journal of helene berr
2008-11-11, energy audits a high tech way to stay warm this winter
2008-11-11, yes is better than no
2008-11-11, why twilight fascinates todays teens
2008-11-11, Report confirms 'shadow war' waged by US special forces											
2008-11-11, from stem cells to emissions obama set to reverse bush policies
2008-11-10, new york tries to create gardens of eden on city streets
2008-11-10, Whole lotta clucking going on in cities											
2008-11-10, organizing your garden information
2008-11-10, In Latin America, leftist leaders evict US drug warriors											
2008-11-10, Triple bombing in Baghdad deadliest in months											
2008-11-10, Facebook boosts participation in rare Saudi hunger strike											
2008-11-10, Secretary Rice fights peace-process inertia											
2008-11-10, The true gift was more than a pumpkin roll											
2008-11-10, Thanks to those who 'guard the walls'											
2008-11-10, More Mail Bag matches											
2008-11-10, freedom rising washington in the civil war
2008-11-10, why novels are best at explaining world problems
2008-11-10, Financial Q&A: Tax strategies for passing assets on to children											
2008-11-10, Are you ready to go on a carbon diet?											
2008-11-10, Rightsizing your retirement											
2008-11-10, Are jobless next to need a bailout?											
2008-11-10, Russian sub accident points to Navy's shortcomings											
2008-11-10, Reporters on the Job											
2008-11-10, World											
2008-11-10, Cuts put Italian schools under the microscope											
2008-11-10, obama s short list of possible foreign policy officials
2008-11-10, obama s emerging foreign policy team faces a troubled world
2008-11-10, My Shawshank Redemption											
2008-11-10, How Alaska keeps its seas from being overfished											
2008-11-10, Letters to the Editor											
2008-11-10, Four smooth stones for Veterans Day											
2008-11-09, the caws let us know the harvest is ready
2008-11-09, beloved from the monitor archives
2008-11-09, the hunger games
2008-11-09, who says the young dont read
2008-11-09, palin returns to a changed alaska
2008-11-09, obama already holds bully pulpit
2008-11-09, minnesota senate race down to a handful of votesand counting
2008-11-09, cheney on the move in lower profile mode
2008-11-09, Indonesia executes, buries Bali bombers											
2008-11-08, Review: 'Pray the Devil Back to Hell'											
2008-11-08, Review: 'Ballast'											
2008-11-08, Review: 'The Boy in the Striped Pajamas'											
2008-11-08, the partnership
2008-11-08, the other islam
2008-11-08, kids pets and the white house
2008-11-07, accused of a crime a rwandan refugee has her day in court
2008-11-07, garden siteseeing with four guys
2008-10-28, ups and downs in history of one party rule
2008-10-27, Israel's Livni takes a risk with early elections											
2008-10-27, problems with palin pure unadulterated baloney says mccain
2008-10-27, report world could end fossil fuel use by 2090
2008-10-27, the amish go solar in a simple way
2008-10-27, No longer out to pasture											
2008-10-27, Marriage across the red-blue divide											
2008-10-27, ride the red wave
2008-10-27, custom moveon video shames nonvoters into action
2008-10-27, the snowball warren buffett and the business of life
2008-10-27, in appreciation of tony hillerman
2008-10-27, dispatches from poptech 2008
2008-10-27, Letters to the Editor											
2008-10-27, Financial Q&A: Why artwork and IRAs should never mix											
2008-10-27, Reverse mortgages get a boost from Uncle Sam											
2008-10-27, Scope of $700 billion bailout bill continues to widen											
2008-10-27, How Obama's tax plans would 'spread the wealth around'											
2008-10-27, Municipal bonds: an investment with civic pride											
2008-10-27, Wall Street bailout: a win for Main Street?											
2008-10-27, World											
2008-10-27, Syrian ire follows apparent US raid across Iraq's border											
2008-10-27, Reporters on the Job											
2008-10-27, israelis uneasy as us nears vote
2008-10-27, gop warns of one party power
2008-10-27, the new voter from an early age a gop activist is born
2008-10-27, Follow the candidates' money											
2008-10-27, China's land reform aims to revolutionize 750 million lives											
2008-10-27, My brother's a Republican, but I love him anyway											
2008-10-26, palin pushes mccain staff aside as blame game begins
2008-10-26, the heroic milkweed
2008-10-26, five asian writers to watch
2008-10-26, on the road to better solar panels
2008-10-26, new ideas in fighting violence finding foregiveness
2008-10-26, which candidate s plan would best ease the mortgage crisis
2008-10-26, campuses find going green can be tough
2008-10-25, the summer of hummingbirds
